{"cameraMode":{"drawMode":0,"name":"Shaded","section":"Shading Mode"},"sceneLighting":false,"audioPlay":false,"sceneViewState":{"showFog":true,"showMaterialUpdate":true,"showSkybox":false,"showFlares":true,"showImageEffects":true,"showParticleSystems":true},"in2DMode":false,"pivot":{"x":0.892822265625,"y":0.41259765625,"z":-0.549072265625},"rotation":{"x":-0.07867570221424103,"y":-0.8996310830116272,"z":0.18190233409404756,"w":-0.38916897773742678},"size":2.324739456176758,"orthographic":true}