{"cameraMode":{"drawMode":0,"name":"Shaded","section":"Shading Mode"},"sceneLighting":false,"audioPlay":false,"sceneViewState":{"showFog":true,"showMaterialUpdate":true,"showSkybox":false,"showFlares":true,"showImageEffects":true,"showParticleSystems":true},"in2DMode":false,"pivot":{"x":-0.0003107786178588867,"y":0.02333611249923706,"z":-0.0003084838390350342},"rotation":{"x":-0.12026862055063248,"y":0.782127857208252,"z":-0.15935920178890229,"w":-0.5902693271636963},"size":0.7212151885032654,"orthographic":true}