{"cameraMode":{"drawMode":0,"name":"Shaded","section":"Shading Mode"},"sceneLighting":true,"audioPlay":false,"sceneViewState":{"showFog":true,"showMaterialUpdate":false,"showSkybox":false,"showFlares":true,"showImageEffects":true,"showParticleSystems":true},"in2DMode":false,"pivot":{"x":-0.08065378665924072,"y":-0.03068525902926922,"z":-0.0064667463302612309},"rotation":{"x":-0.0004048467963002622,"y":0.998947262763977,"z":-0.008990786969661713,"w":-0.04498301073908806},"size":1.4807579517364503,"orthographic":false}