{"cameraMode":{"drawMode":0,"name":"Shaded","section":"Shading Mode"},"sceneLighting":false,"audioPlay":false,"sceneViewState":{"showFog":true,"showMaterialUpdate":true,"showSkybox":false,"showFlares":true,"showImageEffects":true,"showParticleSystems":true},"in2DMode":false,"pivot":{"x":0.49999046325683596,"y":0.5999924540519714,"z":-0.016630172729492189},"rotation":{"x":-0.1132851094007492,"y":0.7695254683494568,"z":-0.1424260139465332,"w":-0.6121705770492554},"size":2.7659082412719728,"orthographic":true}