{"cameraMode":{"drawMode":0,"name":"Shaded","section":"Shading Mode"},"sceneLighting":false,"audioPlay":false,"sceneViewState":{"showFog":true,"showMaterialUpdate":true,"showSkybox":false,"showFlares":true,"showImageEffects":true,"showParticleSystems":true},"in2DMode":false,"pivot":{"x":-0.0000095367431640625,"y":0.2499922513961792,"z":1.4901161193847657e-7},"rotation":{"x":-0.2239391803741455,"y":-0.19095924496650697,"z":0.04485116899013519,"w":-0.9547461867332459},"size":1.1995059251785279,"orthographic":true}