{"cameraMode":{"drawMode":0,"name":"Shaded","section":"Shading Mode"},"sceneLighting":false,"audioPlay":false,"sceneViewState":{"showFog":true,"showMaterialUpdate":true,"showSkybox":false,"showFlares":true,"showImageEffects":true,"showParticleSystems":true},"in2DMode":false,"pivot":{"x":7.308000087738037,"y":0.440000057220459,"z":6.503999710083008},"rotation":{"x":0.2868117392063141,"y":-0.45555877685546877,"z":0.15864874422550202,"w":0.8277915716171265},"size":18.46479034423828,"orthographic":true}