{"cameraMode":{"drawMode":0,"name":"Shaded","section":"Shading Mode"},"sceneLighting":false,"audioPlay":false,"sceneViewState":{"showFog":true,"showMaterialUpdate":true,"showSkybox":false,"showFlares":true,"showImageEffects":true,"showParticleSystems":true},"in2DMode":false,"pivot":{"x":4.94091796875,"y":2.515369415283203,"z":-7.326961517333984},"rotation":{"x":-0.18637675046920777,"y":-0.22988758981227876,"z":0.04495732858777046,"w":-0.9542326927185059},"size":2.8578836917877199,"orthographic":true}