{"cameraMode":{"drawMode":0,"name":"Shaded","section":"Shading Mode"},"sceneLighting":false,"audioPlay":false,"sceneViewState":{"showFog":true,"showMaterialUpdate":true,"showSkybox":false,"showFlares":true,"showImageEffects":true,"showParticleSystems":true},"in2DMode":false,"pivot":{"x":-1.4901161193847657e-8,"y":1.4901161193847657e-8,"z":0.0},"rotation":{"x":-0.3450423777103424,"y":0.4903228282928467,"z":-0.21984755992889405,"w":-0.7695431113243103},"size":0.9531328082084656,"orthographic":true}