{"cameraMode":{"drawMode":0,"name":"Shaded","section":"Shading Mode"},"sceneLighting":false,"audioPlay":false,"sceneViewState":{"showFog":true,"showMaterialUpdate":true,"showSkybox":false,"showFlares":true,"showImageEffects":true,"showParticleSystems":true},"in2DMode":false,"pivot":{"x":6.499990463256836,"y":5.238907337188721,"z":-2.549999713897705},"rotation":{"x":-0.1132851094007492,"y":0.7695254683494568,"z":-0.1424260139465332,"w":-0.6121705770492554},"size":2.7659082412719728,"orthographic":true}