{"cameraMode":{"drawMode":0,"name":"Shaded","section":"Shading Mode"},"sceneLighting":false,"audioPlay":false,"sceneViewState":{"showFog":true,"showMaterialUpdate":true,"showSkybox":false,"showFlares":true,"showImageEffects":true,"showParticleSystems":true},"in2DMode":false,"pivot":{"x":-0.0012431144714355469,"y":0.09334444999694824,"z":-0.0012339353561401368},"rotation":{"x":-0.1769784390926361,"y":0.0005798324127681553,"z":-0.0000556225968466606,"w":-0.9842993021011353},"size":0.6595798134803772,"orthographic":true}