{"cameraMode":{"drawMode":0,"name":"Shaded","section":"Shading Mode"},"sceneLighting":false,"audioPlay":false,"sceneViewState":{"showFog":true,"showMaterialUpdate":true,"showSkybox":false,"showFlares":true,"showImageEffects":true,"showParticleSystems":true},"in2DMode":false,"pivot":{"x":4.984538555145264,"y":0.5452145338058472,"z":4.234546184539795},"rotation":{"x":-0.18637675046920777,"y":-0.22988758981227876,"z":0.04495732858777046,"w":-0.9542326927185059},"size":2.7659082412719728,"orthographic":true}