{"cameraMode":{"drawMode":0,"name":"Shaded","section":"Shading Mode"},"sceneLighting":false,"audioPlay":false,"sceneViewState":{"showFog":true,"showMaterialUpdate":true,"showSkybox":false,"showFlares":true,"showImageEffects":true,"showParticleSystems":true},"in2DMode":false,"pivot":{"x":10.825197219848633,"y":7.016609191894531,"z":-16.12337875366211},"rotation":{"x":-0.06847745180130005,"y":0.8809267282485962,"z":-0.13449673354625703,"w":-0.44858962297439577},"size":2.8578836917877199,"orthographic":true}