{"cameraMode":{"drawMode":0,"name":"Shaded","section":"Shading Mode"},"sceneLighting":false,"audioPlay":false,"sceneViewState":{"showFog":true,"showMaterialUpdate":true,"showSkybox":false,"showFlares":true,"showImageEffects":true,"showParticleSystems":true},"in2DMode":false,"pivot":{"x":-1.4901161193847657e-8,"y":1.4901161193847657e-8,"z":0.0},"rotation":{"x":-0.1898960918188095,"y":-0.810171902179718,"z":0.39526286721229555,"w":-0.3892297148704529},"size":0.9936313033103943,"orthographic":true}