{"cameraMode":{"drawMode":0,"name":"Shaded","section":"Shading Mode"},"sceneLighting":false,"audioPlay":false,"sceneViewState":{"showFog":true,"showMaterialUpdate":false,"showSkybox":false,"showFlares":true,"showImageEffects":true,"showParticleSystems":true},"in2DMode":false,"pivot":{"x":-1.6929998397827149,"y":0.03300021216273308,"z":-2.9649999141693117},"rotation":{"x":0.1832435131072998,"y":-0.7384411096572876,"z":0.22188934683799745,"w":0.6098303198814392},"size":2.380039691925049,"orthographic":false}