{"cameraMode":{"drawMode":0,"name":"Shaded","section":"Shading Mode"},"sceneLighting":false,"audioPlay":false,"sceneViewState":{"showFog":true,"showMaterialUpdate":true,"showSkybox":false,"showFlares":true,"showImageEffects":true,"showParticleSystems":true},"in2DMode":false,"pivot":{"x":-0.000002384185791015625,"y":0.0624980628490448,"z":2.9802322387695315e-8},"rotation":{"x":-0.05116158351302147,"y":-0.853213369846344,"z":-0.08527225255966187,"w":0.512164831161499},"size":0.7144719958305359,"orthographic":true}