{"cameraMode":{"drawMode":0,"name":"Shaded","section":"Shading Mode"},"sceneLighting":false,"audioPlay":false,"sceneViewState":{"showFog":true,"showMaterialUpdate":true,"showSkybox":false,"showFlares":true,"showImageEffects":true,"showParticleSystems":true},"in2DMode":false,"pivot":{"x":10.825197219848633,"y":7.016609191894531,"z":-16.12337875366211},"rotation":{"x":0.29068082571029665,"y":0.18679890036582948,"z":-0.057978007942438129,"w":0.9367073178291321},"size":2.8578836917877199,"orthographic":true}