{"cameraMode":{"drawMode":0,"name":"Shaded","section":"Shading Mode"},"sceneLighting":false,"audioPlay":false,"sceneViewState":{"showFog":true,"showMaterialUpdate":true,"showSkybox":false,"showFlares":true,"showImageEffects":true,"showParticleSystems":true},"in2DMode":false,"pivot":{"x":820.0623168945313,"y":973.572998046875,"z":537.507080078125},"rotation":{"x":0.40038344264030459,"y":0.4912092983722687,"z":-0.2715127170085907,"w":0.7244711518287659},"size":20.387542724609376,"orthographic":true}