{"cameraMode":{"drawMode":0,"name":"Shaded","section":"Shading Mode"},"sceneLighting":false,"audioPlay":false,"sceneViewState":{"showFog":true,"showMaterialUpdate":true,"showSkybox":false,"showFlares":true,"showImageEffects":true,"showParticleSystems":true},"in2DMode":false,"pivot":{"x":0.9161019325256348,"y":1.9806947708129883,"z":-2.1602702140808107},"rotation":{"x":-0.1132851094007492,"y":0.7695254683494568,"z":-0.1424260139465332,"w":-0.6121705770492554},"size":2.8578836917877199,"orthographic":true}