{"cameraMode":{"drawMode":0,"name":"Shaded","section":"Shading Mode"},"sceneLighting":false,"audioPlay":false,"sceneViewState":{"showFog":true,"showMaterialUpdate":true,"showSkybox":false,"showFlares":true,"showImageEffects":true,"showParticleSystems":true},"in2DMode":false,"pivot":{"x":3.9700002670288088,"y":6.724024295806885,"z":-2.727799654006958},"rotation":{"x":-0.1132851094007492,"y":0.7695254683494568,"z":-0.1424260139465332,"w":-0.6121705770492554},"size":1.1926888227462769,"orthographic":true}