{"cameraMode":{"drawMode":0,"name":"Shaded","section":"Shading Mode"},"sceneLighting":false,"audioPlay":false,"sceneViewState":{"showFog":true,"showMaterialUpdate":true,"showSkybox":true,"showFlares":true,"showImageEffects":true,"showParticleSystems":true},"in2DMode":false,"pivot":{"x":0.9199439287185669,"y":6.001611232757568,"z":5.035599708557129},"rotation":{"x":0.20714876055717469,"y":-0.2506349980831146,"z":0.05499514564871788,"w":0.9440599083900452},"size":48.62686538696289,"orthographic":true}