{"cameraMode":{"drawMode":0,"name":"Shaded","section":"Shading Mode"},"sceneLighting":false,"audioPlay":false,"sceneViewState":{"showFog":true,"showMaterialUpdate":true,"showSkybox":false,"showFlares":true,"showImageEffects":true,"showParticleSystems":true},"in2DMode":false,"pivot":{"x":-1.4901161193847657e-8,"y":1.4901161193847657e-8,"z":0.0},"rotation":{"x":-0.020052513107657434,"y":0.9708499908447266,"z":-0.08761344850063324,"w":-0.22220352292060853},"size":0.47392651438713076,"orthographic":true}